{
    "timestamp": "20250904_024651",
    "time_bin": "100ms",
    "seed": 0,
    "results": {
        "dir_spike_count_w": {
            "loss": 8.129587763547898,
            "accuracy": 0.26666666666666666
        },
        "dir_spike_count": {
            "loss": 5.428504409296147,
            "accuracy": 0.4666666666666667
        },
        "undir_spike_count_w": {
            "loss": 3.047380002339681,
            "accuracy": 0.1
        },
        "undir_spike_count": {
            "loss": 3.2562331814318894,
            "accuracy": 0.06666666666666667
        },
        "dir_time": {
            "loss": 40.46286413669565,
            "accuracy": 0.1
        }
    }
}