{
    "dataset_name": "data_dir_spike_count_w",
    "graph_type": "dir_spike_count_w",
    "data_path": "C:/Users/Teamaerosal/Desktop/new data/data_dir_spike_count_w",
    
    "split_config": {
        "train_prop": 0.7,
        "val_prop": 0.15,
        "test_prop": 0.15,
        "splits_pre_organized": true
    },
    
    "model_config": {
        "num_classes": 10,
        "node_features": "pol",
        "n": 200,
        "batch_size": 4,
        "learning_rate": 0.001,
        "n_epochs": 100
    },
    
    "graph_properties": {
        "type": "directed_spike_count_weighted",
        "edge_weights": true,
        "temporal_features": true,
        "spatial_features": true,
        "directed": true
    },
    
    "data_properties": {
        "file_format": "pytorch_geometric",
        "file_extension": ".pt",
        "label_dtype": "long",
        "node_feature_dim": 1,
        "edge_feature_dim": 2
    },
    
    "labels": {
        "num_classes": 10,
        "class_names": ["A", "B", "C", "D", "E", "F", "G", "H", "I", "J"],
        "label_range": [0, 9]
    },
    
    "preprocessing": {
        "center": [173, 130],
        "circle_rad": 130,
        "bin_duration": 10,
        "downsample_factor": 1,
        "delta_t": 100000000.0,
        "margin": 0.0,
        "min_n_events": 1,
        "n_init_events": 10000,
        "case_span": 5000000000.0,
        "possible_angles": [0.0],
        "theta": "full"
    },
    
    "augmentations": [],
    "filters": [],
    "transforms": ["RandomJitter", "Cartesian"],
    
    "experimental": {
        "led_conditions": ["on", "off"],
        "mixed_conditions": true,
        "exclude_undefined_letters": true,
        "random_seed": 42
    },
    
    "metadata": {
        "created_date": "2025-08-16",
        "description": "Directed weighted spike count graphs for braille tactile classification",
        "total_samples_per_split": "140 train, 30 val, 30 test (approx)",
        "graph_construction": "Directed edges connect bins with increasing spike counts, weighted by increment size"
    }
}