{
    "timestamp": "20250903_221132",
    "time_bin": "50ms",
    "seed": 0,
    "results": {
        "dir_spike_count_w": {
            "loss": 6.910545773307482,
            "accuracy": 0.2
        },
        "dir_spike_count": {
            "loss": 15.245386917617786,
            "accuracy": 0.2
        },
        "undir_spike_count_w": {
            "loss": 10.036869378884619,
            "accuracy": 0.06666666666666667
        },
        "undir_spike_count": {
            "loss": 6.60455282057325,
            "accuracy": 0.1
        },
        "dir_time": {
            "loss": 552.2857147216797,
            "accuracy": 0.1
        }
    }
}