{
    "timestamp": "20250904_061956",
    "time_bin": "25ms",
    "seed": 0,
    "results": {
        "dir_spike_count_w": {
            "loss": 7.133804352682394,
            "accuracy": 0.2
        },
        "dir_spike_count": {
            "loss": 19.678978956801195,
            "accuracy": 0.1
        },
        "undir_spike_count_w": {
            "loss": 35.26345428389808,
            "accuracy": 0.1
        },
        "undir_spike_count": {
            "loss": 10.655412292480468,
            "accuracy": 0.06666666666666667
        },
        "dir_time": {
            "loss": 162.66222381591797,
            "accuracy": 0.1
        }
    }
}